{
"#i0^Necessity is the mother of invention": "Cái khó ló cái khôn",
"#i1^Better safe than sorry": "Cẩn tắc vô áy náy",
"#i2^Money is the good servant but a bad master": "Khôn lấy của che thân, dại lấy thân che của",
"#i3^The grass are allways green on the other side of the fence": "Đứng núi này trông núi nọ",
"#i4^One bitten, twice shy": "Chim phải đạn sợ cành cong",
"#i5^In rome do as Romans do": "Nhập gia tùy tục",
"#i6^Honesty is the best policy": "Thật thà là thượng sách",
"#i7^A woman gives and forgives, a man gets and forgets": "Đàn bà cho và tha thứ, đàn ông nhận và quên",
"#i8^No roses without a thorn": "Hồng nào mà chẳng có gai, việc nào mà chẳng có vài khó khăn!",
"#i9^Save for the rainny day": "Làm khi lành để dành khi đau",
"#i10^It’s an ill bird that fouls its own nest": "Vạch áo cho người xem lưng / Tốt đẹp phô ra xấu xa đậy lại.",
"#i11^Don’t trouble trouble till trouble troubles you": "Tránh voi chẳng xấu mặt nào.",
"#i12^Still water run deep": "Tẩm ngẩm tầm ngầm mà đấm chết voi",
"#i13^Men make house, women make home": "Đàn ông xây nhà, đàn bà xây tổ ấm",
"#i14^East or west , home is best": "Ta về ta tắm ao ta ( Không đâu tốt bằng ở nhà )",
"#i15^Many a little makes a mickle": "Kiến tha lâu cũng có ngày đầy tổ",
"#i16^Penny wise pound foolish": "Tham bát bỏ mâm",
"#i17^Money make the mare go": "Có tiền mua tiên cũng được",
"#i18^Like father, like son": "Con nhà tông ko giống lông thì cũng giống cánh",
"#i19^Beauty is in the eye of the beholder": "Giai nhân chỉ đẹp trong mắt người hùng.",
"#i20^The die is cast": "Bút sa gà chết",
"#i21^Two can play that game": "Ăn miếng trả miếng",
"#i22^Love is blind": "Tình yêu mù quáng",
"#i23^So far so good": "Mọi thứ vẫn tốt đẹp",
"#i24^Practice makes perfect": "Có công mài sắt có ngày nên kim",
"#i25^Silence is gold": "Im lặng là vàng",
"#i26^The more the merrier": "Càng đông càng vui",
"#i27^Time is money": "Thời gian là tiền bạc",
"#i28^The truth will out": "Cái kim trong bọc có ngày lòi ra",
"#i29^Walls have ear": "Tường có vách",
"#i30^Everyone has their price": "Con người cũng có giá của nó",
"#i31^It’s a small world": "Trái đất tròn",
"#i32^You’re only young once": "Trẻ con nứt mắt / Miệng còn hôi sữa",
"#i33^Ignorance is bliss": "Không biết thì dựa cột mà nghe",
"#i34^No pain, no gain": "Có làm thì mới có ăn",
"#i35^A swallow cant make a summer": "Một con én ko làm nổi mùa xuân",
"#i36^A bad beginning makes a bad ending": "Đầu xuôi đuôi lọt.",
"#i37^A clean fast is better than a dirty breakfast": "Giấy rách phải giữ lấy lề.",
"#i38^Barking dogs seldom bite": "Chó sủa chó không cắn.",
"#i39^Beauty is but skin-deep": "Cái nết đánh chết cái đẹp.",
"#i40^Calamity is man’s true touchstone": "Lửa thử vàng, gian nan thử sức.",
"#i41^Catch the bear before tou sell his skin": "Chưa đỗ ông Nghè đã đe hàng tổng",
"#i42^Diamond cut diamond": "Vỏ quýt dày có móng tay nhọn",
"#i43^Diligence is the mother succees": "Có công mài sắt có ngày nên kim",
"#i44^Each bird loves to hear himself sing": "Mèo khen mèo dài đuôi",
"#i45^Far from eye, far from heart": "Xa mặt cách lòng",
"#i46^Fine words butter no parsnips": "Có thực mới vực được đạo",
"#i47^Give him an inch and he will take a yard": "Được voi, đòi tiên",
"#i48^Grasp all, lose all": "Tham thì thâm",
"#i49^Habit cures habit": "Lấy độc trị độc",
"#i50^Haste makes waste": "Dục tốc bất đạt",
"#i51^Robbing a cradle": "Trâu già mà gặm cỏ non",
"#i52^Raining cats and dogs": "Mưa như trút nước",
"#i53^A stranger nearby is better than a far-away relative": "Bà con xa không bằng láng giềng gần",
"#i54^Tell me who’s your friend and I’ll tell you who you are": "Hãy nói cho tôi biết bạn của anh là ai, tôi sẽ nói cho anh biết anh là người như thế nào",
"#i55^Time and tide wait for no man": "Thời gian và nước thủy triều không đợi ai cả",
"#i56^Silence is golden": "Im lặng là vàng",
"#i57^Don’t judge a book by its cover": "Đừng trông mặt mà bắt hình dong",
"#i58^The tongue has no bone but it breaks bone": "Cái lưỡi không xương đôi đường lắt léo",
"#i59^A wolf won’t eat wolf": "Chó sói không bao giờ ăn thịt đồng loại",
"#i60^Don’t put off until tomorrow what you can do today": "Đừng để những việc cho ngày mai mà bạn có thể làm hôm nay",
"#i61^Seeing is believing": "Tai nghe không bằng mắt thấy",
"#i62^Diligence is the mother of good fortune": "Có công mài sắt có ngày nên kim",
"#i63^So many men, so many minds": "Chín người, mười ý",
"#i64^Speech is silver, but silence is golden": "Lời nói là bạc, im lặng là vàng",
"#i65^More haste, less speed": "Dục tốc bất đạt",
"#i66^Make a mountain out of a molehill": "Việc bé xé to",
"#i67^Words are but Wind": "Lời nói gió bay",
"#i68^When the blood sheds, the heart aches": "Máu chảy, ruột mềm",
"#i69^Empty vessels make the most sound": "Thùng rỗng kêu to",
"#i70^Live on the fat of the land": "Ngồi mát ăn bát vàng",
"#i71^Fire proves gold, adversity proves men": "Lửa thử vàng, gian nan thử sức",
"#i72^Words must be weighed, not counted": "Uốn lưỡi bảy lần trước khi nói",
"#i73^Stronger by rice, daring by money": "Mạnh vì gạo, bạo vì tiền",
"#i74^Still waters run deep": "Tẩm ngẩm tầm ngầm mà đấm chết voi",
"#i75^Nothing ventured, nothing gained": "Phi thương bất phú",
"#i76^Carry coals to Newcastle": "Chở củi về rừng",
"#i77^Too many cooks spoil the broth": "Lắm thầy nhiều ma",
"#i78^The proof of the pudding is in the eating": "Đường dài mới biết ngựa hay",
"#i79^Constant dripping wears away stone": "Nước chảy đá mòn",
"#i80^Never say die": "Chớ thấy sóng cả mà ngã tay chèo",
"#i81^Cut your coat according to your cloth": "Liệu cơm gắp mắm",
"#i82^Cleanliness is next to godliness": "Nhà sạch thì mát, bát sạch ngon cơm",
"#i83^Neck or nothing": "Không vào hang cọp sao bắt được cọp con",
"#i84^A clean hand wants no washing": "Cây ngay không sợ chết đứng",
"#i85^An eye for an eye, a tooth for a tooth": "Ăn miếng trả miếng",
"#i86^Blood is thicker than water": "Một giọt máu đào hơn ao nước lã",
"#i87^Bitter pills may have blessed effects": "Thuốc đắng dã tật",
"#i88^Handsome is as handsome does": "Tốt gỗ hơn tốt nước sơn",
"#i89^Make hay while the sun shines": "Việc hôm nay chớ để ngày mai",
"#i90^New one in, old one out": "Có mới, nới cũ",
"#i91^Tit For Tat": "Ăn miếng trả miếng",
"#i92^Rats desert a falling house": "Cháy nhà mới ra mặt chuột",
"#i93^A friend in need is a friend indeed": "Gian nan mới hiểu lòng người",
"#i94^It is the first step that costs": "Vạn sự khởi đầu nan",
"#i95^Love me, love my dog": "Yêu nhau yêu cả đường đi, ghét nhau ghét cả tông ti họ hàng",
"#i96^There's no smoke without fire": "Không có lửa sao có khói",
"#i97^A bad begining makes a good ending": "Đầu xuôi, đuôi lọt",
"#i98^As poor as a church mouse": "Nghèo rớt mồng tơi",
"#i99^Send the fox to mind the geese": "Giao trứng cho ác",
"#i100^One scabby sheep is enough to spoil the whole flock": "Con sâu làm rầu nồi canh"
}
